sku_id,referencia_id,categoria,talla,color,precio_venta,costo,temporada,es_nuevo
SKU000001,REF0001,Camiseta,XS,Blanco,51000,23000,FW22,False
SKU000002,REF0001,Camiseta,XS,Negro,46000,21000,FW22,True
SKU000003,REF0001,Camiseta,XS,Azul,45000,20000,FW22,False
SKU000004,REF0001,Camiseta,XS,Rojo,48000,22000,FW22,False
SKU000005,REF0001,Camiseta,S,Blanco,44000,20000,FW22,False
SKU000006,REF0001,Camiseta,S,Negro,45000,20000,FW22,False
SKU000007,REF0001,Camiseta,S,Azul,50000,23000,FW22,False
SKU000008,REF0001,Camiseta,S,Rojo,43000,19000,FW22,True
SKU000009,REF0001,Camiseta,M,Blanco,41000,18000,FW22,False
SKU000010,REF0001,Camiseta,M,Negro,42000,19000,FW22,False
SKU000011,REF0001,Camiseta,M,Azul,43000,19000,FW22,False
SKU000012,REF0001,Camiseta,M,Rojo,46000,21000,FW22,False
SKU000013,REF0001,Camiseta,L,Blanco,48000,22000,FW22,True
SKU000014,REF0001,Camiseta,L,Negro,47000,21000,FW22,False
SKU000015,REF0001,Camiseta,L,Azul,43000,19000,FW22,False
SKU000016,REF0001,Camiseta,L,Rojo,47000,21000,FW22,False
SKU000017,REF0001,Camiseta,XL,Blanco,50000,23000,FW22,False
SKU000018,REF0001,Camiseta,XL,Negro,44000,20000,FW22,True
SKU000019,REF0001,Camiseta,XL,Azul,46000,21000,FW22,True
SKU000020,REF0001,Camiseta,XL,Rojo,45000,20000,FW22,False
SKU000021,REF0002,Camiseta,XS,Blanco,44000,20000,SS24,True
SKU000022,REF0002,Camiseta,XS,Negro,45000,20000,SS24,False
SKU000023,REF0002,Camiseta,XS,Azul,44000,20000,SS24,False
SKU000024,REF0002,Camiseta,XS,Rojo,41000,18000,SS24,False
SKU000025,REF0002,Camiseta,S,Blanco,44000,20000,SS24,True
SKU000026,REF0002,Camiseta,S,Negro,47000,21000,SS24,False
SKU000027,REF0002,Camiseta,S,Azul,48000,22000,SS24,True
SKU000028,REF0002,Camiseta,S,Rojo,43000,19000,SS24,True
SKU000029,REF0002,Camiseta,M,Blanco,43000,19000,SS24,False
SKU000030,REF0002,Camiseta,M,Negro,45000,20000,SS24,True
SKU000031,REF0002,Camiseta,M,Azul,43000,20000,SS24,True
SKU000032,REF0002,Camiseta,M,Rojo,48000,22000,SS24,False
SKU000033,REF0002,Camiseta,L,Blanco,42000,19000,SS24,False
SKU000034,REF0002,Camiseta,L,Negro,44000,20000,SS24,False
SKU000035,REF0002,Camiseta,L,Azul,45000,20000,SS24,True
SKU000036,REF0002,Camiseta,L,Rojo,44000,20000,SS24,False
SKU000037,REF0002,Camiseta,XL,Blanco,48000,22000,SS24,False
SKU000038,REF0002,Camiseta,XL,Negro,46000,20000,SS24,False
SKU000039,REF0002,Camiseta,XL,Azul,47000,21000,SS24,True
SKU000040,REF0002,Camiseta,XL,Rojo,45000,20000,SS24,True
SKU000041,REF0003,Camiseta,XS,Blanco,50000,22000,FW23,False
SKU000042,REF0003,Camiseta,XS,Negro,52000,23000,FW23,False
SKU000043,REF0003,Camiseta,XS,Azul,50000,22000,FW23,False
SKU000044,REF0003,Camiseta,XS,Rojo,42000,19000,FW23,False
SKU000045,REF0003,Camiseta,S,Blanco,48000,22000,FW23,False
SKU000046,REF0003,Camiseta,S,Negro,44000,20000,FW23,True
SKU000047,REF0003,Camiseta,S,Azul,49000,22000,FW23,False
SKU000048,REF0003,Camiseta,S,Rojo,44000,20000,FW23,True
SKU000049,REF0003,Camiseta,M,Blanco,51000,23000,FW23,False
SKU000050,REF0003,Camiseta,M,Negro,46000,21000,FW23,False
SKU000051,REF0003,Camiseta,M,Azul,48000,22000,FW23,False
SKU000052,REF0003,Camiseta,M,Rojo,43000,19000,FW23,False
SKU000053,REF0003,Camiseta,L,Blanco,48000,22000,FW23,True
SKU000054,REF0003,Camiseta,L,Negro,42000,19000,FW23,False
SKU000055,REF0003,Camiseta,L,Azul,46000,21000,FW23,True
SKU000056,REF0003,Camiseta,L,Rojo,52000,23000,FW23,False
SKU000057,REF0003,Camiseta,XL,Blanco,47000,21000,FW23,False
SKU000058,REF0003,Camiseta,XL,Negro,43000,19000,FW23,True
SKU000059,REF0003,Camiseta,XL,Azul,48000,22000,FW23,False
SKU000060,REF0003,Camiseta,XL,Rojo,50000,23000,FW23,False
SKU000061,REF0004,Camiseta,XS,Blanco,50000,23000,SS22,False
SKU000062,REF0004,Camiseta,XS,Negro,51000,23000,SS22,False
SKU000063,REF0004,Camiseta,XS,Azul,48000,22000,SS22,False
SKU000064,REF0004,Camiseta,XS,Rojo,45000,20000,SS22,False
SKU000065,REF0004,Camiseta,S,Blanco,51000,23000,SS22,True
SKU000066,REF0004,Camiseta,S,Negro,44000,20000,SS22,False
SKU000067,REF0004,Camiseta,S,Azul,46000,20000,SS22,False
SKU000068,REF0004,Camiseta,S,Rojo,42000,19000,SS22,True
SKU000069,REF0004,Camiseta,M,Blanco,46000,21000,SS22,True
SKU000070,REF0004,Camiseta,M,Negro,45000,20000,SS22,False
SKU000071,REF0004,Camiseta,M,Azul,49000,22000,SS22,False
SKU000072,REF0004,Camiseta,M,Rojo,47000,21000,SS22,False
SKU000073,REF0004,Camiseta,L,Blanco,48000,21000,SS22,True
SKU000074,REF0004,Camiseta,L,Negro,47000,21000,SS22,False
SKU000075,REF0004,Camiseta,L,Azul,46000,21000,SS22,False
SKU000076,REF0004,Camiseta,L,Rojo,45000,20000,SS22,False
SKU000077,REF0004,Camiseta,XL,Blanco,48000,21000,SS22,False
SKU000078,REF0004,Camiseta,XL,Negro,50000,23000,SS22,True
SKU000079,REF0004,Camiseta,XL,Azul,46000,21000,SS22,False
SKU000080,REF0004,Camiseta,XL,Rojo,49000,22000,SS22,True
SKU000081,REF0005,Camiseta,XS,Blanco,52000,23000,SS22,False
SKU000082,REF0005,Camiseta,XS,Negro,44000,20000,SS22,False
SKU000083,REF0005,Camiseta,XS,Azul,49000,22000,SS22,False
SKU000084,REF0005,Camiseta,XS,Rojo,44000,20000,SS22,False
SKU000085,REF0005,Camiseta,S,Blanco,47000,21000,SS22,False
SKU000086,REF0005,Camiseta,S,Negro,41000,19000,SS22,False
SKU000087,REF0005,Camiseta,S,Azul,43000,19000,SS22,True
SKU000088,REF0005,Camiseta,S,Rojo,46000,21000,SS22,False
SKU000089,REF0005,Camiseta,M,Blanco,45000,20000,SS22,False
SKU000090,REF0005,Camiseta,M,Negro,51000,23000,SS22,True
SKU000091,REF0005,Camiseta,M,Azul,43000,19000,SS22,False
SKU000092,REF0005,Camiseta,M,Rojo,45000,20000,SS22,True
SKU000093,REF0005,Camiseta,L,Blanco,44000,20000,SS22,False
SKU000094,REF0005,Camiseta,L,Negro,50000,23000,SS22,True
SKU000095,REF0005,Camiseta,L,Azul,48000,22000,SS22,False
SKU000096,REF0005,Camiseta,L,Rojo,44000,20000,SS22,False
SKU000097,REF0005,Camiseta,XL,Blanco,43000,20000,SS22,False
SKU000098,REF0005,Camiseta,XL,Negro,41000,19000,SS22,True
SKU000099,REF0005,Camiseta,XL,Azul,48000,21000,SS22,True
SKU000100,REF0005,Camiseta,XL,Rojo,41000,19000,SS22,False
SKU000101,REF0006,Camiseta,XS,Blanco,41000,18000,SS23,False
SKU000102,REF0006,Camiseta,XS,Negro,41000,18000,SS23,False
SKU000103,REF0006,Camiseta,XS,Azul,45000,20000,SS23,False
SKU000104,REF0006,Camiseta,XS,Rojo,44000,20000,SS23,True
SKU000105,REF0006,Camiseta,S,Blanco,52000,23000,SS23,False
SKU000106,REF0006,Camiseta,S,Negro,50000,23000,SS23,True
SKU000107,REF0006,Camiseta,S,Azul,41000,18000,SS23,False
SKU000108,REF0006,Camiseta,S,Rojo,47000,21000,SS23,False
SKU000109,REF0006,Camiseta,M,Blanco,50000,22000,SS23,True
SKU000110,REF0006,Camiseta,M,Negro,51000,23000,SS23,False
SKU000111,REF0006,Camiseta,M,Azul,50000,22000,SS23,True
SKU000112,REF0006,Camiseta,M,Rojo,45000,20000,SS23,False
SKU000113,REF0006,Camiseta,L,Blanco,42000,19000,SS23,True
SKU000114,REF0006,Camiseta,L,Negro,51000,23000,SS23,False
SKU000115,REF0006,Camiseta,L,Azul,41000,18000,SS23,False
SKU000116,REF0006,Camiseta,L,Rojo,45000,20000,SS23,False
SKU000117,REF0006,Camiseta,XL,Blanco,43000,19000,SS23,True
SKU000118,REF0006,Camiseta,XL,Negro,41000,19000,SS23,False
SKU000119,REF0006,Camiseta,XL,Azul,48000,22000,SS23,True
SKU000120,REF0006,Camiseta,XL,Rojo,51000,23000,SS23,False
SKU000121,REF0007,Camiseta,XS,Blanco,43000,19000,SS23,True
SKU000122,REF0007,Camiseta,XS,Negro,43000,19000,SS23,False
SKU000123,REF0007,Camiseta,XS,Azul,48000,21000,SS23,False
SKU000124,REF0007,Camiseta,XS,Rojo,48000,22000,SS23,False
SKU000125,REF0007,Camiseta,S,Blanco,49000,22000,SS23,True
SKU000126,REF0007,Camiseta,S,Negro,47000,21000,SS23,True
SKU000127,REF0007,Camiseta,S,Azul,42000,19000,SS23,False
SKU000128,REF0007,Camiseta,S,Rojo,42000,19000,SS23,True
SKU000129,REF0007,Camiseta,M,Blanco,44000,20000,SS23,False
SKU000130,REF0007,Camiseta,M,Negro,42000,19000,SS23,True
SKU000131,REF0007,Camiseta,M,Azul,49000,22000,SS23,False
SKU000132,REF0007,Camiseta,M,Rojo,44000,20000,SS23,False
SKU000133,REF0007,Camiseta,L,Blanco,48000,22000,SS23,True
SKU000134,REF0007,Camiseta,L,Negro,51000,23000,SS23,False
SKU000135,REF0007,Camiseta,L,Azul,43000,20000,SS23,True
SKU000136,REF0007,Camiseta,L,Rojo,51000,23000,SS23,False
SKU000137,REF0007,Camiseta,XL,Blanco,47000,21000,SS23,False
SKU000138,REF0007,Camiseta,XL,Negro,47000,21000,SS23,False
SKU000139,REF0007,Camiseta,XL,Azul,51000,23000,SS23,False
SKU000140,REF0007,Camiseta,XL,Rojo,48000,21000,SS23,False
SKU000141,REF0008,Camiseta,XS,Blanco,48000,22000,FW22,False
SKU000142,REF0008,Camiseta,XS,Negro,42000,19000,FW22,False
SKU000143,REF0008,Camiseta,XS,Azul,50000,22000,FW22,False
SKU000144,REF0008,Camiseta,XS,Rojo,50000,22000,FW22,False
SKU000145,REF0008,Camiseta,S,Blanco,43000,19000,FW22,True
SKU000146,REF0008,Camiseta,S,Negro,43000,19000,FW22,False
SKU000147,REF0008,Camiseta,S,Azul,41000,18000,FW22,False
SKU000148,REF0008,Camiseta,S,Rojo,44000,20000,FW22,False
SKU000149,REF0008,Camiseta,M,Blanco,45000,20000,FW22,False
SKU000150,REF0008,Camiseta,M,Negro,44000,20000,FW22,True
SKU000151,REF0008,Camiseta,M,Azul,46000,21000,FW22,False
SKU000152,REF0008,Camiseta,M,Rojo,44000,20000,FW22,False
SKU000153,REF0008,Camiseta,L,Blanco,41000,18000,FW22,False
SKU000154,REF0008,Camiseta,L,Negro,51000,23000,FW22,False
SKU000155,REF0008,Camiseta,L,Azul,45000,20000,FW22,False
SKU000156,REF0008,Camiseta,L,Rojo,47000,21000,FW22,False
SKU000157,REF0008,Camiseta,XL,Blanco,42000,19000,FW22,True
SKU000158,REF0008,Camiseta,XL,Negro,47000,21000,FW22,False
SKU000159,REF0008,Camiseta,XL,Azul,47000,21000,FW22,True
SKU000160,REF0008,Camiseta,XL,Rojo,48000,22000,FW22,False
SKU000161,REF0009,Camiseta,XS,Blanco,43000,19000,FW23,False
SKU000162,REF0009,Camiseta,XS,Negro,47000,21000,FW23,False
SKU000163,REF0009,Camiseta,XS,Azul,45000,20000,FW23,True
SKU000164,REF0009,Camiseta,XS,Rojo,42000,19000,FW23,True
SKU000165,REF0009,Camiseta,S,Blanco,51000,23000,FW23,False
SKU000166,REF0009,Camiseta,S,Negro,44000,20000,FW23,False
SKU000167,REF0009,Camiseta,S,Azul,48000,22000,FW23,False
SKU000168,REF0009,Camiseta,S,Rojo,46000,21000,FW23,True
SKU000169,REF0009,Camiseta,M,Blanco,42000,19000,FW23,False
SKU000170,REF0009,Camiseta,M,Negro,47000,21000,FW23,True
SKU000171,REF0009,Camiseta,M,Azul,51000,23000,FW23,False
SKU000172,REF0009,Camiseta,M,Rojo,42000,19000,FW23,False
SKU000173,REF0009,Camiseta,L,Blanco,51000,23000,FW23,False
SKU000174,REF0009,Camiseta,L,Negro,41000,19000,FW23,False
SKU000175,REF0009,Camiseta,L,Azul,47000,21000,FW23,False
SKU000176,REF0009,Camiseta,L,Rojo,51000,23000,FW23,False
SKU000177,REF0009,Camiseta,XL,Blanco,50000,22000,FW23,False
SKU000178,REF0009,Camiseta,XL,Negro,50000,22000,FW23,False
SKU000179,REF0009,Camiseta,XL,Azul,43000,19000,FW23,False
SKU000180,REF0009,Camiseta,XL,Rojo,51000,23000,FW23,True
SKU000181,REF0010,Camiseta,XS,Blanco,46000,21000,FW23,True
SKU000182,REF0010,Camiseta,XS,Negro,47000,21000,FW23,False
SKU000183,REF0010,Camiseta,XS,Azul,50000,23000,FW23,True
SKU000184,REF0010,Camiseta,XS,Rojo,51000,23000,FW23,False
SKU000185,REF0010,Camiseta,S,Blanco,44000,20000,FW23,False
SKU000186,REF0010,Camiseta,S,Negro,46000,21000,FW23,False
SKU000187,REF0010,Camiseta,S,Azul,48000,22000,FW23,True
SKU000188,REF0010,Camiseta,S,Rojo,44000,20000,FW23,False
SKU000189,REF0010,Camiseta,M,Blanco,43000,20000,FW23,False
SKU000190,REF0010,Camiseta,M,Negro,47000,21000,FW23,False
SKU000191,REF0010,Camiseta,M,Azul,49000,22000,FW23,False
SKU000192,REF0010,Camiseta,M,Rojo,49000,22000,FW23,False
SKU000193,REF0010,Camiseta,L,Blanco,43000,19000,FW23,False
SKU000194,REF0010,Camiseta,L,Negro,46000,21000,FW23,True
SKU000195,REF0010,Camiseta,L,Azul,46000,21000,FW23,False
SKU000196,REF0010,Camiseta,L,Rojo,50000,22000,FW23,False
SKU000197,REF0010,Camiseta,XL,Blanco,47000,21000,FW23,False
SKU000198,REF0010,Camiseta,XL,Negro,41000,18000,FW23,False
SKU000199,REF0010,Camiseta,XL,Azul,51000,23000,FW23,True
SKU000200,REF0010,Camiseta,XL,Rojo,48000,22000,FW23,True
SKU000201,REF0011,Jean,28,Azul Oscuro,89000,40000,SS23,True
SKU000202,REF0011,Jean,28,Negro,92000,42000,SS23,False
SKU000203,REF0011,Jean,28,Gris,102000,46000,SS23,False
SKU000204,REF0011,Jean,30,Azul Oscuro,103000,46000,SS23,False
SKU000205,REF0011,Jean,30,Negro,108000,49000,SS23,True
SKU000206,REF0011,Jean,30,Gris,95000,43000,SS23,True
SKU000207,REF0011,Jean,32,Azul Oscuro,93000,42000,SS23,True
SKU000208,REF0011,Jean,32,Negro,101000,45000,SS23,False
SKU000209,REF0011,Jean,32,Gris,91000,41000,SS23,True
SKU000210,REF0011,Jean,34,Azul Oscuro,94000,42000,SS23,True
SKU000211,REF0011,Jean,34,Negro,96000,43000,SS23,True
SKU000212,REF0011,Jean,34,Gris,92000,41000,SS23,False
SKU000213,REF0011,Jean,36,Azul Oscuro,100000,45000,SS23,True
SKU000214,REF0011,Jean,36,Negro,89000,40000,SS23,True
SKU000215,REF0011,Jean,36,Gris,108000,49000,SS23,False
SKU000216,REF0012,Jean,28,Azul Oscuro,99000,45000,FW23,False
SKU000217,REF0012,Jean,28,Negro,87000,39000,FW23,False
SKU000218,REF0012,Jean,28,Gris,99000,44000,FW23,True
SKU000219,REF0012,Jean,30,Azul Oscuro,95000,43000,FW23,False
SKU000220,REF0012,Jean,30,Negro,97000,44000,FW23,False
SKU000221,REF0012,Jean,30,Gris,94000,43000,FW23,False
SKU000222,REF0012,Jean,32,Azul Oscuro,95000,43000,FW23,False
SKU000223,REF0012,Jean,32,Negro,99000,45000,FW23,True
SKU000224,REF0012,Jean,32,Gris,86000,39000,FW23,True
SKU000225,REF0012,Jean,34,Azul Oscuro,86000,39000,FW23,True
SKU000226,REF0012,Jean,34,Negro,102000,46000,FW23,False
SKU000227,REF0012,Jean,34,Gris,103000,46000,FW23,False
SKU000228,REF0012,Jean,36,Azul Oscuro,99000,45000,FW23,False
SKU000229,REF0012,Jean,36,Negro,103000,47000,FW23,False
SKU000230,REF0012,Jean,36,Gris,91000,41000,FW23,True
SKU000231,REF0013,Jean,28,Azul Oscuro,91000,41000,FW23,True
SKU000232,REF0013,Jean,28,Negro,90000,41000,FW23,False
SKU000233,REF0013,Jean,28,Gris,103000,47000,FW23,True
SKU000234,REF0013,Jean,30,Azul Oscuro,92000,41000,FW23,True
SKU000235,REF0013,Jean,30,Negro,97000,44000,FW23,False
SKU000236,REF0013,Jean,30,Gris,105000,47000,FW23,False
SKU000237,REF0013,Jean,32,Azul Oscuro,105000,47000,FW23,False
SKU000238,REF0013,Jean,32,Negro,88000,39000,FW23,False
SKU000239,REF0013,Jean,32,Gris,100000,45000,FW23,False
SKU000240,REF0013,Jean,34,Azul Oscuro,95000,43000,FW23,False
SKU000241,REF0013,Jean,34,Negro,101000,45000,FW23,False
SKU000242,REF0013,Jean,34,Gris,107000,48000,FW23,False
SKU000243,REF0013,Jean,36,Azul Oscuro,109000,49000,FW23,False
SKU000244,REF0013,Jean,36,Negro,101000,45000,FW23,False
SKU000245,REF0013,Jean,36,Gris,88000,39000,FW23,False
SKU000246,REF0014,Jean,28,Azul Oscuro,99000,44000,SS22,False
SKU000247,REF0014,Jean,28,Negro,107000,48000,SS22,True
SKU000248,REF0014,Jean,28,Gris,98000,44000,SS22,False
SKU000249,REF0014,Jean,30,Azul Oscuro,104000,47000,SS22,False
SKU000250,REF0014,Jean,30,Negro,105000,47000,SS22,False
SKU000251,REF0014,Jean,30,Gris,87000,39000,SS22,True
SKU000252,REF0014,Jean,32,Azul Oscuro,100000,45000,SS22,False
SKU000253,REF0014,Jean,32,Negro,90000,41000,SS22,False
SKU000254,REF0014,Jean,32,Gris,94000,42000,SS22,False
SKU000255,REF0014,Jean,34,Azul Oscuro,96000,43000,SS22,False
SKU000256,REF0014,Jean,34,Negro,95000,43000,SS22,False
SKU000257,REF0014,Jean,34,Gris,90000,40000,SS22,False
SKU000258,REF0014,Jean,36,Azul Oscuro,95000,43000,SS22,False
SKU000259,REF0014,Jean,36,Negro,98000,44000,SS22,False
SKU000260,REF0014,Jean,36,Gris,100000,45000,SS22,True
SKU000261,REF0015,Jean,28,Azul Oscuro,105000,47000,SS23,False
SKU000262,REF0015,Jean,28,Negro,94000,42000,SS23,True
SKU000263,REF0015,Jean,28,Gris,99000,44000,SS23,False
SKU000264,REF0015,Jean,30,Azul Oscuro,94000,42000,SS23,False
SKU000265,REF0015,Jean,30,Negro,89000,40000,SS23,False
SKU000266,REF0015,Jean,30,Gris,93000,42000,SS23,True
SKU000267,REF0015,Jean,32,Azul Oscuro,97000,44000,SS23,False
SKU000268,REF0015,Jean,32,Negro,98000,44000,SS23,True
SKU000269,REF0015,Jean,32,Gris,94000,43000,SS23,True
SKU000270,REF0015,Jean,34,Azul Oscuro,106000,48000,SS23,True
SKU000271,REF0015,Jean,34,Negro,100000,45000,SS23,False
SKU000272,REF0015,Jean,34,Gris,98000,44000,SS23,False
SKU000273,REF0015,Jean,36,Azul Oscuro,91000,41000,SS23,False
SKU000274,REF0015,Jean,36,Negro,98000,44000,SS23,False
SKU000275,REF0015,Jean,36,Gris,87000,39000,SS23,True
SKU000276,REF0016,Jean,28,Azul Oscuro,89000,40000,SS24,False
SKU000277,REF0016,Jean,28,Negro,106000,47000,SS24,False
SKU000278,REF0016,Jean,28,Gris,86000,39000,SS24,False
SKU000279,REF0016,Jean,30,Azul Oscuro,94000,42000,SS24,False
SKU000280,REF0016,Jean,30,Negro,88000,40000,SS24,False
SKU000281,REF0016,Jean,30,Gris,90000,40000,SS24,False
SKU000282,REF0016,Jean,32,Azul Oscuro,105000,47000,SS24,True
SKU000283,REF0016,Jean,32,Negro,98000,44000,SS24,True
SKU000284,REF0016,Jean,32,Gris,94000,42000,SS24,False
SKU000285,REF0016,Jean,34,Azul Oscuro,94000,42000,SS24,False
SKU000286,REF0016,Jean,34,Negro,97000,44000,SS24,False
SKU000287,REF0016,Jean,34,Gris,103000,46000,SS24,False
SKU000288,REF0016,Jean,36,Azul Oscuro,99000,45000,SS24,False
SKU000289,REF0016,Jean,36,Negro,94000,43000,SS24,False
SKU000290,REF0016,Jean,36,Gris,107000,48000,SS24,False
SKU000291,REF0017,Jean,28,Azul Oscuro,91000,41000,SS23,False
SKU000292,REF0017,Jean,28,Negro,93000,42000,SS23,False
SKU000293,REF0017,Jean,28,Gris,86000,39000,SS23,True
SKU000294,REF0017,Jean,30,Azul Oscuro,94000,42000,SS23,False
SKU000295,REF0017,Jean,30,Negro,106000,48000,SS23,True
SKU000296,REF0017,Jean,30,Gris,105000,47000,SS23,True
SKU000297,REF0017,Jean,32,Azul Oscuro,106000,47000,SS23,True
SKU000298,REF0017,Jean,32,Negro,86000,39000,SS23,False
SKU000299,REF0017,Jean,32,Gris,109000,49000,SS23,False
SKU000300,REF0017,Jean,34,Azul Oscuro,99000,45000,SS23,False
SKU000301,REF0017,Jean,34,Negro,86000,39000,SS23,False
SKU000302,REF0017,Jean,34,Gris,97000,44000,SS23,False
SKU000303,REF0017,Jean,36,Azul Oscuro,105000,47000,SS23,False
SKU000304,REF0017,Jean,36,Negro,98000,44000,SS23,False
SKU000305,REF0017,Jean,36,Gris,105000,47000,SS23,True
SKU000306,REF0018,Jean,28,Azul Oscuro,108000,49000,SS24,False
SKU000307,REF0018,Jean,28,Negro,90000,41000,SS24,False
SKU000308,REF0018,Jean,28,Gris,98000,44000,SS24,False
SKU000309,REF0018,Jean,30,Azul Oscuro,104000,47000,SS24,True
SKU000310,REF0018,Jean,30,Negro,98000,44000,SS24,False
SKU000311,REF0018,Jean,30,Gris,93000,42000,SS24,False
SKU000312,REF0018,Jean,32,Azul Oscuro,94000,42000,SS24,False
SKU000313,REF0018,Jean,32,Negro,99000,44000,SS24,False
SKU000314,REF0018,Jean,32,Gris,90000,41000,SS24,False
SKU000315,REF0018,Jean,34,Azul Oscuro,88000,39000,SS24,True
SKU000316,REF0018,Jean,34,Negro,86000,39000,SS24,True
SKU000317,REF0018,Jean,34,Gris,97000,44000,SS24,False
SKU000318,REF0018,Jean,36,Azul Oscuro,104000,47000,SS24,True
SKU000319,REF0018,Jean,36,Negro,106000,48000,SS24,False
SKU000320,REF0018,Jean,36,Gris,95000,43000,SS24,False
SKU000321,REF0019,Jean,28,Azul Oscuro,109000,49000,SS22,True
SKU000322,REF0019,Jean,28,Negro,95000,43000,SS22,False
SKU000323,REF0019,Jean,28,Gris,103000,46000,SS22,True
SKU000324,REF0019,Jean,30,Azul Oscuro,104000,47000,SS22,False
SKU000325,REF0019,Jean,30,Negro,103000,46000,SS22,False
SKU000326,REF0019,Jean,30,Gris,105000,47000,SS22,True
SKU000327,REF0019,Jean,32,Azul Oscuro,91000,41000,SS22,False
SKU000328,REF0019,Jean,32,Negro,107000,48000,SS22,False
SKU000329,REF0019,Jean,32,Gris,99000,45000,SS22,False
SKU000330,REF0019,Jean,34,Azul Oscuro,96000,43000,SS22,False
SKU000331,REF0019,Jean,34,Negro,107000,48000,SS22,False
SKU000332,REF0019,Jean,34,Gris,98000,44000,SS22,False
SKU000333,REF0019,Jean,36,Azul Oscuro,99000,45000,SS22,False
SKU000334,REF0019,Jean,36,Negro,95000,43000,SS22,False
SKU000335,REF0019,Jean,36,Gris,87000,39000,SS22,True
SKU000336,REF0020,Jean,28,Azul Oscuro,98000,44000,FW22,False
SKU000337,REF0020,Jean,28,Negro,93000,42000,FW22,False
SKU000338,REF0020,Jean,28,Gris,102000,46000,FW22,True
SKU000339,REF0020,Jean,30,Azul Oscuro,106000,48000,FW22,False
SKU000340,REF0020,Jean,30,Negro,103000,46000,FW22,False
SKU000341,REF0020,Jean,30,Gris,109000,49000,FW22,False
SKU000342,REF0020,Jean,32,Azul Oscuro,102000,46000,FW22,False
SKU000343,REF0020,Jean,32,Negro,89000,40000,FW22,True
SKU000344,REF0020,Jean,32,Gris,102000,46000,FW22,False
SKU000345,REF0020,Jean,34,Azul Oscuro,103000,47000,FW22,True
SKU000346,REF0020,Jean,34,Negro,98000,44000,FW22,False
SKU000347,REF0020,Jean,34,Gris,96000,43000,FW22,False
SKU000348,REF0020,Jean,36,Azul Oscuro,97000,44000,FW22,False
SKU000349,REF0020,Jean,36,Negro,97000,44000,FW22,False
SKU000350,REF0020,Jean,36,Gris,104000,47000,FW22,True
SKU000351,REF0021,Vestido,XS,Floral,79000,35000,FW23,False
SKU000352,REF0021,Vestido,XS,Negro,81000,36000,FW23,False
SKU000353,REF0021,Vestido,XS,Verde,83000,37000,FW23,False
SKU000354,REF0021,Vestido,S,Floral,74000,33000,FW23,True
SKU000355,REF0021,Vestido,S,Negro,75000,34000,FW23,True
SKU000356,REF0021,Vestido,S,Verde,79000,36000,FW23,False
SKU000357,REF0021,Vestido,M,Floral,70000,32000,FW23,True
SKU000358,REF0021,Vestido,M,Negro,72000,33000,FW23,False
SKU000359,REF0021,Vestido,M,Verde,79000,35000,FW23,True
SKU000360,REF0021,Vestido,L,Floral,85000,38000,FW23,False
SKU000361,REF0021,Vestido,L,Negro,68000,31000,FW23,False
SKU000362,REF0021,Vestido,L,Verde,82000,37000,FW23,False
SKU000363,REF0022,Vestido,XS,Floral,69000,31000,SS22,True
SKU000364,REF0022,Vestido,XS,Negro,69000,31000,SS22,False
SKU000365,REF0022,Vestido,XS,Verde,85000,38000,SS22,True
SKU000366,REF0022,Vestido,S,Floral,72000,32000,SS22,True
SKU000367,REF0022,Vestido,S,Negro,71000,32000,SS22,False
SKU000368,REF0022,Vestido,S,Verde,74000,33000,SS22,False
SKU000369,REF0022,Vestido,M,Floral,72000,32000,SS22,False
SKU000370,REF0022,Vestido,M,Negro,75000,34000,SS22,False
SKU000371,REF0022,Vestido,M,Verde,71000,32000,SS22,False
SKU000372,REF0022,Vestido,L,Floral,79000,35000,SS22,True
SKU000373,REF0022,Vestido,L,Negro,75000,34000,SS22,False
SKU000374,REF0022,Vestido,L,Verde,85000,38000,SS22,False
SKU000375,REF0023,Vestido,XS,Floral,77000,34000,FW23,False
SKU000376,REF0023,Vestido,XS,Negro,79000,35000,FW23,True
SKU000377,REF0023,Vestido,XS,Verde,85000,38000,FW23,True
SKU000378,REF0023,Vestido,S,Floral,78000,35000,FW23,True
SKU000379,REF0023,Vestido,S,Negro,68000,31000,FW23,False
SKU000380,REF0023,Vestido,S,Verde,82000,37000,FW23,True
SKU000381,REF0023,Vestido,M,Floral,72000,32000,FW23,True
SKU000382,REF0023,Vestido,M,Negro,77000,35000,FW23,False
SKU000383,REF0023,Vestido,M,Verde,76000,34000,FW23,False
SKU000384,REF0023,Vestido,L,Floral,84000,38000,FW23,False
SKU000385,REF0023,Vestido,L,Negro,71000,32000,FW23,True
SKU000386,REF0023,Vestido,L,Verde,73000,33000,FW23,False
SKU000387,REF0024,Vestido,XS,Floral,76000,34000,FW22,False
SKU000388,REF0024,Vestido,XS,Negro,74000,33000,FW22,False
SKU000389,REF0024,Vestido,XS,Verde,79000,36000,FW22,False
SKU000390,REF0024,Vestido,S,Floral,83000,37000,FW22,False
SKU000391,REF0024,Vestido,S,Negro,73000,33000,FW22,False
SKU000392,REF0024,Vestido,S,Verde,77000,35000,FW22,False
SKU000393,REF0024,Vestido,M,Floral,77000,34000,FW22,False
SKU000394,REF0024,Vestido,M,Negro,82000,37000,FW22,True
SKU000395,REF0024,Vestido,M,Verde,74000,33000,FW22,True
SKU000396,REF0024,Vestido,L,Floral,82000,37000,FW22,True
SKU000397,REF0024,Vestido,L,Negro,84000,38000,FW22,False
SKU000398,REF0024,Vestido,L,Verde,83000,37000,FW22,False
SKU000399,REF0025,Vestido,XS,Floral,83000,37000,FW22,False
SKU000400,REF0025,Vestido,XS,Negro,75000,34000,FW22,False
SKU000401,REF0025,Vestido,XS,Verde,72000,33000,FW22,True
SKU000402,REF0025,Vestido,S,Floral,77000,35000,FW22,False
SKU000403,REF0025,Vestido,S,Negro,74000,33000,FW22,False
SKU000404,REF0025,Vestido,S,Verde,84000,38000,FW22,False
SKU000405,REF0025,Vestido,M,Floral,81000,36000,FW22,False
SKU000406,REF0025,Vestido,M,Negro,86000,39000,FW22,False
SKU000407,REF0025,Vestido,M,Verde,83000,37000,FW22,False
SKU000408,REF0025,Vestido,L,Floral,85000,38000,FW22,True
SKU000409,REF0025,Vestido,L,Negro,75000,34000,FW22,False
SKU000410,REF0025,Vestido,L,Verde,69000,31000,FW22,False
SKU000411,REF0026,Vestido,XS,Floral,81000,37000,SS22,False
SKU000412,REF0026,Vestido,XS,Negro,70000,31000,SS22,False
SKU000413,REF0026,Vestido,XS,Verde,80000,36000,SS22,False
SKU000414,REF0026,Vestido,S,Floral,85000,38000,SS22,False
SKU000415,REF0026,Vestido,S,Negro,74000,33000,SS22,False
SKU000416,REF0026,Vestido,S,Verde,74000,33000,SS22,True
SKU000417,REF0026,Vestido,M,Floral,83000,37000,SS22,False
SKU000418,REF0026,Vestido,M,Negro,82000,37000,SS22,False
SKU000419,REF0026,Vestido,M,Verde,84000,38000,SS22,True
SKU000420,REF0026,Vestido,L,Floral,86000,39000,SS22,False
SKU000421,REF0026,Vestido,L,Negro,70000,31000,SS22,False
SKU000422,REF0026,Vestido,L,Verde,86000,39000,SS22,False
SKU000423,REF0027,Vestido,XS,Floral,71000,32000,FW22,False
SKU000424,REF0027,Vestido,XS,Negro,77000,35000,FW22,False
SKU000425,REF0027,Vestido,XS,Verde,81000,36000,FW22,False
SKU000426,REF0027,Vestido,S,Floral,72000,32000,FW22,False
SKU000427,REF0027,Vestido,S,Negro,75000,34000,FW22,True
SKU000428,REF0027,Vestido,S,Verde,84000,38000,FW22,False
SKU000429,REF0027,Vestido,M,Floral,80000,36000,FW22,False
SKU000430,REF0027,Vestido,M,Negro,77000,35000,FW22,False
SKU000431,REF0027,Vestido,M,Verde,77000,35000,FW22,True
SKU000432,REF0027,Vestido,L,Floral,75000,34000,FW22,False
SKU000433,REF0027,Vestido,L,Negro,81000,36000,FW22,True
SKU000434,REF0027,Vestido,L,Verde,70000,32000,FW22,True
SKU000435,REF0028,Vestido,XS,Floral,72000,33000,SS24,False
SKU000436,REF0028,Vestido,XS,Negro,72000,32000,SS24,False
SKU000437,REF0028,Vestido,XS,Verde,77000,35000,SS24,False
SKU000438,REF0028,Vestido,S,Floral,83000,37000,SS24,False
SKU000439,REF0028,Vestido,S,Negro,82000,37000,SS24,False
SKU000440,REF0028,Vestido,S,Verde,74000,33000,SS24,False
SKU000441,REF0028,Vestido,M,Floral,71000,32000,SS24,True
SKU000442,REF0028,Vestido,M,Negro,82000,37000,SS24,True
SKU000443,REF0028,Vestido,M,Verde,83000,37000,SS24,False
SKU000444,REF0028,Vestido,L,Floral,85000,38000,SS24,False
SKU000445,REF0028,Vestido,L,Negro,79000,36000,SS24,False
SKU000446,REF0028,Vestido,L,Verde,75000,34000,SS24,False
SKU000447,REF0029,Vestido,XS,Floral,70000,32000,FW22,False
SKU000448,REF0029,Vestido,XS,Negro,73000,33000,FW22,False
SKU000449,REF0029,Vestido,XS,Verde,71000,32000,FW22,False
SKU000450,REF0029,Vestido,S,Floral,83000,38000,FW22,False
SKU000451,REF0029,Vestido,S,Negro,70000,32000,FW22,False
SKU000452,REF0029,Vestido,S,Verde,76000,34000,FW22,False
SKU000453,REF0029,Vestido,M,Floral,74000,33000,FW22,False
SKU000454,REF0029,Vestido,M,Negro,81000,36000,FW22,False
SKU000455,REF0029,Vestido,M,Verde,76000,34000,FW22,True
SKU000456,REF0029,Vestido,L,Floral,69000,31000,FW22,True
SKU000457,REF0029,Vestido,L,Negro,86000,39000,FW22,True
SKU000458,REF0029,Vestido,L,Verde,69000,31000,FW22,False
SKU000459,REF0030,Vestido,XS,Floral,83000,37000,FW23,False
SKU000460,REF0030,Vestido,XS,Negro,82000,37000,FW23,False
SKU000461,REF0030,Vestido,XS,Verde,77000,35000,FW23,True
SKU000462,REF0030,Vestido,S,Floral,85000,38000,FW23,False
SKU000463,REF0030,Vestido,S,Negro,79000,36000,FW23,False
SKU000464,REF0030,Vestido,S,Verde,81000,36000,FW23,False
SKU000465,REF0030,Vestido,M,Floral,86000,39000,FW23,False
SKU000466,REF0030,Vestido,M,Negro,80000,36000,FW23,False
SKU000467,REF0030,Vestido,M,Verde,68000,31000,FW23,False
SKU000468,REF0030,Vestido,L,Floral,68000,31000,FW23,False
SKU000469,REF0030,Vestido,L,Negro,86000,39000,FW23,False
SKU000470,REF0030,Vestido,L,Verde,76000,34000,FW23,False
SKU000471,REF0031,Chaqueta,S,Negro,112000,50000,FW23,False
SKU000472,REF0031,Chaqueta,S,Café,114000,51000,FW23,True
SKU000473,REF0031,Chaqueta,S,Azul,121000,54000,FW23,False
SKU000474,REF0031,Chaqueta,M,Negro,130000,59000,FW23,True
SKU000475,REF0031,Chaqueta,M,Café,122000,55000,FW23,False
SKU000476,REF0031,Chaqueta,M,Azul,127000,57000,FW23,False
SKU000477,REF0031,Chaqueta,L,Negro,119000,54000,FW23,False
SKU000478,REF0031,Chaqueta,L,Café,122000,55000,FW23,False
SKU000479,REF0031,Chaqueta,L,Azul,124000,56000,FW23,False
SKU000480,REF0031,Chaqueta,XL,Negro,120000,54000,FW23,False
SKU000481,REF0031,Chaqueta,XL,Café,132000,59000,FW23,False
SKU000482,REF0031,Chaqueta,XL,Azul,128000,58000,FW23,False
SKU000483,REF0032,Chaqueta,S,Negro,124000,56000,FW23,False
SKU000484,REF0032,Chaqueta,S,Café,134000,60000,FW23,False
SKU000485,REF0032,Chaqueta,S,Azul,122000,55000,FW23,False
SKU000486,REF0032,Chaqueta,M,Negro,108000,49000,FW23,True
SKU000487,REF0032,Chaqueta,M,Café,120000,54000,FW23,False
SKU000488,REF0032,Chaqueta,M,Azul,110000,50000,FW23,True
SKU000489,REF0032,Chaqueta,L,Negro,110000,49000,FW23,True
SKU000490,REF0032,Chaqueta,L,Café,109000,49000,FW23,False
SKU000491,REF0032,Chaqueta,L,Azul,125000,56000,FW23,True
SKU000492,REF0032,Chaqueta,XL,Negro,120000,54000,FW23,True
SKU000493,REF0032,Chaqueta,XL,Café,118000,53000,FW23,False
SKU000494,REF0032,Chaqueta,XL,Azul,130000,58000,FW23,True
SKU000495,REF0033,Chaqueta,S,Negro,122000,55000,FW23,True
SKU000496,REF0033,Chaqueta,S,Café,134000,60000,FW23,False
SKU000497,REF0033,Chaqueta,S,Azul,126000,57000,FW23,True
SKU000498,REF0033,Chaqueta,M,Negro,135000,61000,FW23,True
SKU000499,REF0033,Chaqueta,M,Café,111000,50000,FW23,False
SKU000500,REF0033,Chaqueta,M,Azul,112000,50000,FW23,False
SKU000501,REF0033,Chaqueta,L,Negro,132000,59000,FW23,True
SKU000502,REF0033,Chaqueta,L,Café,126000,57000,FW23,False
SKU000503,REF0033,Chaqueta,L,Azul,135000,61000,FW23,False
SKU000504,REF0033,Chaqueta,XL,Negro,135000,61000,FW23,False
SKU000505,REF0033,Chaqueta,XL,Café,130000,59000,FW23,True
SKU000506,REF0033,Chaqueta,XL,Azul,120000,54000,FW23,False
SKU000507,REF0034,Chaqueta,S,Negro,115000,52000,SS24,False
SKU000508,REF0034,Chaqueta,S,Café,112000,50000,SS24,True
SKU000509,REF0034,Chaqueta,S,Azul,120000,54000,SS24,True
SKU000510,REF0034,Chaqueta,M,Negro,137000,62000,SS24,False
SKU000511,REF0034,Chaqueta,M,Café,132000,59000,SS24,False
SKU000512,REF0034,Chaqueta,M,Azul,114000,52000,SS24,False
SKU000513,REF0034,Chaqueta,L,Negro,126000,57000,SS24,False
SKU000514,REF0034,Chaqueta,L,Café,116000,52000,SS24,False
SKU000515,REF0034,Chaqueta,L,Azul,123000,55000,SS24,False
SKU000516,REF0034,Chaqueta,XL,Negro,135000,61000,SS24,False
SKU000517,REF0034,Chaqueta,XL,Café,127000,57000,SS24,False
SKU000518,REF0034,Chaqueta,XL,Azul,109000,49000,SS24,False
SKU000519,REF0035,Chaqueta,S,Negro,134000,60000,SS23,False
SKU000520,REF0035,Chaqueta,S,Café,120000,54000,SS23,True
SKU000521,REF0035,Chaqueta,S,Azul,122000,55000,SS23,True
SKU000522,REF0035,Chaqueta,M,Negro,134000,60000,SS23,True
SKU000523,REF0035,Chaqueta,M,Café,118000,53000,SS23,False
SKU000524,REF0035,Chaqueta,M,Azul,130000,59000,SS23,True
SKU000525,REF0035,Chaqueta,L,Negro,116000,52000,SS23,True
SKU000526,REF0035,Chaqueta,L,Café,129000,58000,SS23,True
SKU000527,REF0035,Chaqueta,L,Azul,124000,56000,SS23,False
SKU000528,REF0035,Chaqueta,XL,Negro,111000,50000,SS23,False
SKU000529,REF0035,Chaqueta,XL,Café,138000,62000,SS23,True
SKU000530,REF0035,Chaqueta,XL,Azul,134000,61000,SS23,False
SKU000531,REF0036,Chaqueta,S,Negro,135000,61000,SS22,False
SKU000532,REF0036,Chaqueta,S,Café,128000,58000,SS22,False
SKU000533,REF0036,Chaqueta,S,Azul,134000,60000,SS22,False
SKU000534,REF0036,Chaqueta,M,Negro,124000,56000,SS22,False
SKU000535,REF0036,Chaqueta,M,Café,115000,52000,SS22,True
SKU000536,REF0036,Chaqueta,M,Azul,113000,51000,SS22,False
SKU000537,REF0036,Chaqueta,L,Negro,115000,52000,SS22,False
SKU000538,REF0036,Chaqueta,L,Café,111000,50000,SS22,False
SKU000539,REF0036,Chaqueta,L,Azul,114000,51000,SS22,False
SKU000540,REF0036,Chaqueta,XL,Negro,137000,62000,SS22,False
SKU000541,REF0036,Chaqueta,XL,Café,134000,60000,SS22,True
SKU000542,REF0036,Chaqueta,XL,Azul,133000,60000,SS22,True
SKU000543,REF0037,Chaqueta,S,Negro,135000,61000,FW23,True
SKU000544,REF0037,Chaqueta,S,Café,125000,56000,FW23,False
SKU000545,REF0037,Chaqueta,S,Azul,116000,52000,FW23,True
SKU000546,REF0037,Chaqueta,M,Negro,111000,50000,FW23,False
SKU000547,REF0037,Chaqueta,M,Café,125000,56000,FW23,True
SKU000548,REF0037,Chaqueta,M,Azul,119000,54000,FW23,True
SKU000549,REF0037,Chaqueta,L,Negro,133000,60000,FW23,True
SKU000550,REF0037,Chaqueta,L,Café,117000,52000,FW23,True
SKU000551,REF0037,Chaqueta,L,Azul,121000,54000,FW23,False
SKU000552,REF0037,Chaqueta,XL,Negro,120000,54000,FW23,True
SKU000553,REF0037,Chaqueta,XL,Café,131000,59000,FW23,False
SKU000554,REF0037,Chaqueta,XL,Azul,113000,51000,FW23,False
SKU000555,REF0038,Chaqueta,S,Negro,136000,61000,FW22,True
SKU000556,REF0038,Chaqueta,S,Café,131000,59000,FW22,False
SKU000557,REF0038,Chaqueta,S,Azul,122000,55000,FW22,True
SKU000558,REF0038,Chaqueta,M,Negro,110000,50000,FW22,False
SKU000559,REF0038,Chaqueta,M,Café,138000,62000,FW22,False
SKU000560,REF0038,Chaqueta,M,Azul,121000,55000,FW22,False
SKU000561,REF0038,Chaqueta,L,Negro,126000,57000,FW22,False
SKU000562,REF0038,Chaqueta,L,Café,110000,49000,FW22,False
SKU000563,REF0038,Chaqueta,L,Azul,119000,54000,FW22,False
SKU000564,REF0038,Chaqueta,XL,Negro,116000,52000,FW22,True
SKU000565,REF0038,Chaqueta,XL,Café,113000,51000,FW22,False
SKU000566,REF0038,Chaqueta,XL,Azul,136000,61000,FW22,True
SKU000567,REF0039,Chaqueta,S,Negro,134000,60000,FW23,False
SKU000568,REF0039,Chaqueta,S,Café,133000,60000,FW23,True
SKU000569,REF0039,Chaqueta,S,Azul,133000,60000,FW23,False
SKU000570,REF0039,Chaqueta,M,Negro,115000,52000,FW23,True
SKU000571,REF0039,Chaqueta,M,Café,134000,60000,FW23,False
SKU000572,REF0039,Chaqueta,M,Azul,109000,49000,FW23,False
SKU000573,REF0039,Chaqueta,L,Negro,135000,61000,FW23,False
SKU000574,REF0039,Chaqueta,L,Café,137000,62000,FW23,False
SKU000575,REF0039,Chaqueta,L,Azul,121000,55000,FW23,False
SKU000576,REF0039,Chaqueta,XL,Negro,118000,53000,FW23,False
SKU000577,REF0039,Chaqueta,XL,Café,130000,59000,FW23,True
SKU000578,REF0039,Chaqueta,XL,Azul,134000,60000,FW23,False
SKU000579,REF0040,Chaqueta,S,Negro,125000,56000,FW22,False
SKU000580,REF0040,Chaqueta,S,Café,124000,56000,FW22,True
SKU000581,REF0040,Chaqueta,S,Azul,114000,51000,FW22,True
SKU000582,REF0040,Chaqueta,M,Negro,113000,51000,FW22,False
SKU000583,REF0040,Chaqueta,M,Café,124000,56000,FW22,True
SKU000584,REF0040,Chaqueta,M,Azul,132000,59000,FW22,True
SKU000585,REF0040,Chaqueta,L,Negro,135000,61000,FW22,False
SKU000586,REF0040,Chaqueta,L,Café,114000,51000,FW22,False
SKU000587,REF0040,Chaqueta,L,Azul,108000,49000,FW22,False
SKU000588,REF0040,Chaqueta,XL,Negro,126000,57000,FW22,True
SKU000589,REF0040,Chaqueta,XL,Café,125000,56000,FW22,True
SKU000590,REF0040,Chaqueta,XL,Azul,113000,51000,FW22,False
SKU000591,REF0041,Pantalón,28,Negro,79000,35000,FW22,False
SKU000592,REF0041,Pantalón,28,Beige,81000,36000,FW22,False
SKU000593,REF0041,Pantalón,28,Gris,75000,34000,FW22,False
SKU000594,REF0041,Pantalón,30,Negro,86000,39000,FW22,False
SKU000595,REF0041,Pantalón,30,Beige,91000,41000,FW22,False
SKU000596,REF0041,Pantalón,30,Gris,85000,38000,FW22,False
SKU000597,REF0041,Pantalón,32,Negro,91000,41000,FW22,False
SKU000598,REF0041,Pantalón,32,Beige,86000,39000,FW22,False
SKU000599,REF0041,Pantalón,32,Gris,75000,34000,FW22,True
SKU000600,REF0041,Pantalón,34,Negro,83000,38000,FW22,True
SKU000601,REF0041,Pantalón,34,Beige,82000,37000,FW22,True
SKU000602,REF0041,Pantalón,34,Gris,79000,36000,FW22,False
SKU000603,REF0041,Pantalón,36,Negro,91000,41000,FW22,True
SKU000604,REF0041,Pantalón,36,Beige,83000,37000,FW22,False
SKU000605,REF0041,Pantalón,36,Gris,74000,33000,FW22,False
SKU000606,REF0042,Pantalón,28,Negro,79000,36000,FW23,False
SKU000607,REF0042,Pantalón,28,Beige,92000,41000,FW23,True
SKU000608,REF0042,Pantalón,28,Gris,86000,39000,FW23,False
SKU000609,REF0042,Pantalón,30,Negro,73000,33000,FW23,False
SKU000610,REF0042,Pantalón,30,Beige,91000,41000,FW23,True
SKU000611,REF0042,Pantalón,30,Gris,90000,40000,FW23,False
SKU000612,REF0042,Pantalón,32,Negro,84000,38000,FW23,False
SKU000613,REF0042,Pantalón,32,Beige,78000,35000,FW23,False
SKU000614,REF0042,Pantalón,32,Gris,91000,41000,FW23,False
SKU000615,REF0042,Pantalón,34,Negro,88000,39000,FW23,False
SKU000616,REF0042,Pantalón,34,Beige,82000,37000,FW23,False
SKU000617,REF0042,Pantalón,34,Gris,83000,37000,FW23,False
SKU000618,REF0042,Pantalón,36,Negro,88000,39000,FW23,False
SKU000619,REF0042,Pantalón,36,Beige,73000,33000,FW23,True
SKU000620,REF0042,Pantalón,36,Gris,81000,36000,FW23,False
SKU000621,REF0043,Pantalón,28,Negro,84000,38000,SS24,False
SKU000622,REF0043,Pantalón,28,Beige,82000,37000,SS24,False
SKU000623,REF0043,Pantalón,28,Gris,79000,35000,SS24,False
SKU000624,REF0043,Pantalón,30,Negro,87000,39000,SS24,False
SKU000625,REF0043,Pantalón,30,Beige,81000,36000,SS24,True
SKU000626,REF0043,Pantalón,30,Gris,75000,34000,SS24,True
SKU000627,REF0043,Pantalón,32,Negro,85000,38000,SS24,False
SKU000628,REF0043,Pantalón,32,Beige,83000,37000,SS24,False
SKU000629,REF0043,Pantalón,32,Gris,74000,33000,SS24,False
SKU000630,REF0043,Pantalón,34,Negro,76000,34000,SS24,False
SKU000631,REF0043,Pantalón,34,Beige,76000,34000,SS24,False
SKU000632,REF0043,Pantalón,34,Gris,75000,34000,SS24,False
SKU000633,REF0043,Pantalón,36,Negro,80000,36000,SS24,False
SKU000634,REF0043,Pantalón,36,Beige,85000,38000,SS24,False
SKU000635,REF0043,Pantalón,36,Gris,87000,39000,SS24,False
SKU000636,REF0044,Pantalón,28,Negro,83000,37000,FW22,False
SKU000637,REF0044,Pantalón,28,Beige,84000,38000,FW22,True
SKU000638,REF0044,Pantalón,28,Gris,80000,36000,FW22,False
SKU000639,REF0044,Pantalón,30,Negro,84000,38000,FW22,False
SKU000640,REF0044,Pantalón,30,Beige,85000,38000,FW22,False
SKU000641,REF0044,Pantalón,30,Gris,78000,35000,FW22,False
SKU000642,REF0044,Pantalón,32,Negro,80000,36000,FW22,False
SKU000643,REF0044,Pantalón,32,Beige,89000,40000,FW22,True
SKU000644,REF0044,Pantalón,32,Gris,88000,39000,FW22,False
SKU000645,REF0044,Pantalón,34,Negro,84000,38000,FW22,False
SKU000646,REF0044,Pantalón,34,Beige,79000,36000,FW22,False
SKU000647,REF0044,Pantalón,34,Gris,80000,36000,FW22,True
SKU000648,REF0044,Pantalón,36,Negro,81000,36000,FW22,True
SKU000649,REF0044,Pantalón,36,Beige,80000,36000,FW22,False
SKU000650,REF0044,Pantalón,36,Gris,84000,38000,FW22,False
SKU000651,REF0045,Pantalón,28,Negro,74000,33000,FW22,False
SKU000652,REF0045,Pantalón,28,Beige,78000,35000,FW22,False
SKU000653,REF0045,Pantalón,28,Gris,89000,40000,FW22,True
SKU000654,REF0045,Pantalón,30,Negro,84000,38000,FW22,False
SKU000655,REF0045,Pantalón,30,Beige,80000,36000,FW22,True
SKU000656,REF0045,Pantalón,30,Gris,77000,35000,FW22,False
SKU000657,REF0045,Pantalón,32,Negro,81000,36000,FW22,False
SKU000658,REF0045,Pantalón,32,Beige,81000,36000,FW22,False
SKU000659,REF0045,Pantalón,32,Gris,75000,34000,FW22,False
SKU000660,REF0045,Pantalón,34,Negro,84000,38000,FW22,False
SKU000661,REF0045,Pantalón,34,Beige,77000,35000,FW22,False
SKU000662,REF0045,Pantalón,34,Gris,80000,36000,FW22,False
SKU000663,REF0045,Pantalón,36,Negro,79000,36000,FW22,False
SKU000664,REF0045,Pantalón,36,Beige,88000,39000,FW22,False
SKU000665,REF0045,Pantalón,36,Gris,81000,36000,FW22,False
SKU000666,REF0046,Pantalón,28,Negro,83000,37000,FW23,False
SKU000667,REF0046,Pantalón,28,Beige,73000,33000,FW23,False
SKU000668,REF0046,Pantalón,28,Gris,74000,34000,FW23,True
SKU000669,REF0046,Pantalón,30,Negro,73000,33000,FW23,False
SKU000670,REF0046,Pantalón,30,Beige,76000,34000,FW23,True
SKU000671,REF0046,Pantalón,30,Gris,74000,33000,FW23,True
SKU000672,REF0046,Pantalón,32,Negro,84000,38000,FW23,False
SKU000673,REF0046,Pantalón,32,Beige,80000,36000,FW23,False
SKU000674,REF0046,Pantalón,32,Gris,86000,39000,FW23,True
SKU000675,REF0046,Pantalón,34,Negro,78000,35000,FW23,False
SKU000676,REF0046,Pantalón,34,Beige,84000,38000,FW23,True
SKU000677,REF0046,Pantalón,34,Gris,82000,37000,FW23,False
SKU000678,REF0046,Pantalón,36,Negro,83000,37000,FW23,True
SKU000679,REF0046,Pantalón,36,Beige,75000,34000,FW23,True
SKU000680,REF0046,Pantalón,36,Gris,91000,41000,FW23,False
SKU000681,REF0047,Pantalón,28,Negro,75000,34000,FW22,True
SKU000682,REF0047,Pantalón,28,Beige,87000,39000,FW22,True
SKU000683,REF0047,Pantalón,28,Gris,77000,35000,FW22,False
SKU000684,REF0047,Pantalón,30,Negro,77000,35000,FW22,False
SKU000685,REF0047,Pantalón,30,Beige,92000,41000,FW22,False
SKU000686,REF0047,Pantalón,30,Gris,72000,33000,FW22,True
SKU000687,REF0047,Pantalón,32,Negro,89000,40000,FW22,False
SKU000688,REF0047,Pantalón,32,Beige,87000,39000,FW22,True
SKU000689,REF0047,Pantalón,32,Gris,88000,40000,FW22,False
SKU000690,REF0047,Pantalón,34,Negro,84000,38000,FW22,False
SKU000691,REF0047,Pantalón,34,Beige,89000,40000,FW22,False
SKU000692,REF0047,Pantalón,34,Gris,84000,38000,FW22,False
SKU000693,REF0047,Pantalón,36,Negro,75000,34000,FW22,False
SKU000694,REF0047,Pantalón,36,Beige,78000,35000,FW22,False
SKU000695,REF0047,Pantalón,36,Gris,92000,41000,FW22,False
SKU000696,REF0048,Pantalón,28,Negro,74000,33000,FW22,True
SKU000697,REF0048,Pantalón,28,Beige,74000,33000,FW22,False
SKU000698,REF0048,Pantalón,28,Gris,87000,39000,FW22,False
SKU000699,REF0048,Pantalón,30,Negro,81000,36000,FW22,False
SKU000700,REF0048,Pantalón,30,Beige,90000,40000,FW22,False
SKU000701,REF0048,Pantalón,30,Gris,89000,40000,FW22,False
SKU000702,REF0048,Pantalón,32,Negro,78000,35000,FW22,False
SKU000703,REF0048,Pantalón,32,Beige,79000,35000,FW22,False
SKU000704,REF0048,Pantalón,32,Gris,84000,38000,FW22,False
SKU000705,REF0048,Pantalón,34,Negro,80000,36000,FW22,False
SKU000706,REF0048,Pantalón,34,Beige,84000,38000,FW22,False
SKU000707,REF0048,Pantalón,34,Gris,81000,36000,FW22,True
SKU000708,REF0048,Pantalón,36,Negro,84000,38000,FW22,True
SKU000709,REF0048,Pantalón,36,Beige,85000,38000,FW22,False
SKU000710,REF0048,Pantalón,36,Gris,82000,37000,FW22,False
SKU000711,REF0049,Pantalón,28,Negro,91000,41000,FW23,False
SKU000712,REF0049,Pantalón,28,Beige,90000,41000,FW23,False
SKU000713,REF0049,Pantalón,28,Gris,74000,33000,FW23,True
SKU000714,REF0049,Pantalón,30,Negro,83000,37000,FW23,True
SKU000715,REF0049,Pantalón,30,Beige,82000,37000,FW23,False
SKU000716,REF0049,Pantalón,30,Gris,83000,37000,FW23,False
SKU000717,REF0049,Pantalón,32,Negro,86000,39000,FW23,False
SKU000718,REF0049,Pantalón,32,Beige,88000,40000,FW23,False
SKU000719,REF0049,Pantalón,32,Gris,90000,40000,FW23,True
SKU000720,REF0049,Pantalón,34,Negro,91000,41000,FW23,False
SKU000721,REF0049,Pantalón,34,Beige,80000,36000,FW23,True
SKU000722,REF0049,Pantalón,34,Gris,82000,37000,FW23,True
SKU000723,REF0049,Pantalón,36,Negro,75000,34000,FW23,False
SKU000724,REF0049,Pantalón,36,Beige,82000,37000,FW23,False
SKU000725,REF0049,Pantalón,36,Gris,91000,41000,FW23,False
SKU000726,REF0050,Pantalón,28,Negro,84000,38000,FW23,True
SKU000727,REF0050,Pantalón,28,Beige,86000,39000,FW23,False
SKU000728,REF0050,Pantalón,28,Gris,92000,41000,FW23,False
SKU000729,REF0050,Pantalón,30,Negro,82000,37000,FW23,True
SKU000730,REF0050,Pantalón,30,Beige,89000,40000,FW23,False
SKU000731,REF0050,Pantalón,30,Gris,76000,34000,FW23,True
SKU000732,REF0050,Pantalón,32,Negro,88000,40000,FW23,True
SKU000733,REF0050,Pantalón,32,Beige,90000,41000,FW23,False
SKU000734,REF0050,Pantalón,32,Gris,74000,33000,FW23,False
SKU000735,REF0050,Pantalón,34,Negro,79000,36000,FW23,False
SKU000736,REF0050,Pantalón,34,Beige,74000,33000,FW23,True
SKU000737,REF0050,Pantalón,34,Gris,85000,38000,FW23,False
SKU000738,REF0050,Pantalón,36,Negro,84000,38000,FW23,False
SKU000739,REF0050,Pantalón,36,Beige,85000,38000,FW23,True
SKU000740,REF0050,Pantalón,36,Gris,79000,36000,FW23,False
SKU000741,REF0051,Blusa,XS,Blanco,60000,27000,SS22,False
SKU000742,REF0051,Blusa,XS,Rosa,53000,24000,SS22,False
SKU000743,REF0051,Blusa,XS,Verde,60000,27000,SS22,False
SKU000744,REF0051,Blusa,S,Blanco,59000,26000,SS22,False
SKU000745,REF0051,Blusa,S,Rosa,60000,27000,SS22,True
SKU000746,REF0051,Blusa,S,Verde,55000,25000,SS22,True
SKU000747,REF0051,Blusa,M,Blanco,53000,24000,SS22,False
SKU000748,REF0051,Blusa,M,Rosa,56000,25000,SS22,False
SKU000749,REF0051,Blusa,M,Verde,52000,23000,SS22,False
SKU000750,REF0051,Blusa,L,Blanco,53000,24000,SS22,True
SKU000751,REF0051,Blusa,L,Rosa,58000,26000,SS22,True
SKU000752,REF0051,Blusa,L,Verde,58000,26000,SS22,True
SKU000753,REF0051,Blusa,XL,Blanco,51000,23000,SS22,True
SKU000754,REF0051,Blusa,XL,Rosa,58000,26000,SS22,False
SKU000755,REF0051,Blusa,XL,Verde,56000,25000,SS22,False
SKU000756,REF0052,Blusa,XS,Blanco,59000,27000,SS24,True
SKU000757,REF0052,Blusa,XS,Rosa,54000,24000,SS24,False
SKU000758,REF0052,Blusa,XS,Verde,58000,26000,SS24,False
SKU000759,REF0052,Blusa,S,Blanco,62000,28000,SS24,False
SKU000760,REF0052,Blusa,S,Rosa,53000,24000,SS24,False
SKU000761,REF0052,Blusa,S,Verde,58000,26000,SS24,False
SKU000762,REF0052,Blusa,M,Blanco,55000,25000,SS24,False
SKU000763,REF0052,Blusa,M,Rosa,58000,26000,SS24,False
SKU000764,REF0052,Blusa,M,Verde,61000,27000,SS24,False
SKU000765,REF0052,Blusa,L,Blanco,50000,23000,SS24,False
SKU000766,REF0052,Blusa,L,Rosa,53000,24000,SS24,False
SKU000767,REF0052,Blusa,L,Verde,59000,26000,SS24,True
SKU000768,REF0052,Blusa,XL,Blanco,56000,25000,SS24,True
SKU000769,REF0052,Blusa,XL,Rosa,50000,23000,SS24,False
SKU000770,REF0052,Blusa,XL,Verde,54000,25000,SS24,False
SKU000771,REF0053,Blusa,XS,Blanco,56000,25000,SS24,False
SKU000772,REF0053,Blusa,XS,Rosa,57000,26000,SS24,True
SKU000773,REF0053,Blusa,XS,Verde,63000,28000,SS24,False
SKU000774,REF0053,Blusa,S,Blanco,60000,27000,SS24,True
SKU000775,REF0053,Blusa,S,Rosa,55000,25000,SS24,False
SKU000776,REF0053,Blusa,S,Verde,61000,27000,SS24,True
SKU000777,REF0053,Blusa,M,Blanco,54000,24000,SS24,False
SKU000778,REF0053,Blusa,M,Rosa,56000,25000,SS24,False
SKU000779,REF0053,Blusa,M,Verde,51000,23000,SS24,False
SKU000780,REF0053,Blusa,L,Blanco,50000,22000,SS24,False
SKU000781,REF0053,Blusa,L,Rosa,60000,27000,SS24,True
SKU000782,REF0053,Blusa,L,Verde,59000,26000,SS24,True
SKU000783,REF0053,Blusa,XL,Blanco,53000,24000,SS24,False
SKU000784,REF0053,Blusa,XL,Rosa,61000,28000,SS24,False
SKU000785,REF0053,Blusa,XL,Verde,56000,25000,SS24,True
SKU000786,REF0054,Blusa,XS,Blanco,50000,23000,FW22,True
SKU000787,REF0054,Blusa,XS,Rosa,53000,24000,FW22,False
SKU000788,REF0054,Blusa,XS,Verde,55000,25000,FW22,False
SKU000789,REF0054,Blusa,S,Blanco,53000,24000,FW22,False
SKU000790,REF0054,Blusa,S,Rosa,61000,27000,FW22,True
SKU000791,REF0054,Blusa,S,Verde,62000,28000,FW22,False
SKU000792,REF0054,Blusa,M,Blanco,52000,23000,FW22,False
SKU000793,REF0054,Blusa,M,Rosa,57000,26000,FW22,False
SKU000794,REF0054,Blusa,M,Verde,55000,25000,FW22,False
SKU000795,REF0054,Blusa,L,Blanco,55000,25000,FW22,False
SKU000796,REF0054,Blusa,L,Rosa,58000,26000,FW22,False
SKU000797,REF0054,Blusa,L,Verde,57000,26000,FW22,False
SKU000798,REF0054,Blusa,XL,Blanco,51000,23000,FW22,True
SKU000799,REF0054,Blusa,XL,Rosa,61000,27000,FW22,False
SKU000800,REF0054,Blusa,XL,Verde,50000,22000,FW22,True
SKU000801,REF0055,Blusa,XS,Blanco,53000,24000,SS24,False
SKU000802,REF0055,Blusa,XS,Rosa,57000,26000,SS24,False
SKU000803,REF0055,Blusa,XS,Verde,57000,26000,SS24,False
SKU000804,REF0055,Blusa,S,Blanco,54000,24000,SS24,False
SKU000805,REF0055,Blusa,S,Rosa,51000,23000,SS24,False
SKU000806,REF0055,Blusa,S,Verde,61000,27000,SS24,False
SKU000807,REF0055,Blusa,M,Blanco,63000,28000,SS24,False
SKU000808,REF0055,Blusa,M,Rosa,59000,26000,SS24,True
SKU000809,REF0055,Blusa,M,Verde,56000,25000,SS24,False
SKU000810,REF0055,Blusa,L,Blanco,53000,24000,SS24,True
SKU000811,REF0055,Blusa,L,Rosa,60000,27000,SS24,True
SKU000812,REF0055,Blusa,L,Verde,58000,26000,SS24,False
SKU000813,REF0055,Blusa,XL,Blanco,62000,28000,SS24,True
SKU000814,REF0055,Blusa,XL,Rosa,61000,28000,SS24,True
SKU000815,REF0055,Blusa,XL,Verde,50000,22000,SS24,False
SKU000816,REF0056,Blusa,XS,Blanco,55000,25000,FW22,False
SKU000817,REF0056,Blusa,XS,Rosa,57000,26000,FW22,True
SKU000818,REF0056,Blusa,XS,Verde,52000,24000,FW22,False
SKU000819,REF0056,Blusa,S,Blanco,60000,27000,FW22,False
SKU000820,REF0056,Blusa,S,Rosa,54000,24000,FW22,False
SKU000821,REF0056,Blusa,S,Verde,52000,23000,FW22,True
SKU000822,REF0056,Blusa,M,Blanco,60000,27000,FW22,True
SKU000823,REF0056,Blusa,M,Rosa,52000,23000,FW22,False
SKU000824,REF0056,Blusa,M,Verde,58000,26000,FW22,False
SKU000825,REF0056,Blusa,L,Blanco,53000,24000,FW22,True
SKU000826,REF0056,Blusa,L,Rosa,53000,24000,FW22,True
SKU000827,REF0056,Blusa,L,Verde,59000,26000,FW22,False
SKU000828,REF0056,Blusa,XL,Blanco,59000,27000,FW22,False
SKU000829,REF0056,Blusa,XL,Rosa,55000,25000,FW22,False
SKU000830,REF0056,Blusa,XL,Verde,54000,24000,FW22,False
SKU000831,REF0057,Blusa,XS,Blanco,56000,25000,SS22,True
SKU000832,REF0057,Blusa,XS,Rosa,55000,25000,SS22,False
SKU000833,REF0057,Blusa,XS,Verde,53000,24000,SS22,True
SKU000834,REF0057,Blusa,S,Blanco,55000,25000,SS22,False
SKU000835,REF0057,Blusa,S,Rosa,58000,26000,SS22,False
SKU000836,REF0057,Blusa,S,Verde,52000,23000,SS22,False
SKU000837,REF0057,Blusa,M,Blanco,54000,24000,SS22,False
SKU000838,REF0057,Blusa,M,Rosa,58000,26000,SS22,True
SKU000839,REF0057,Blusa,M,Verde,50000,23000,SS22,True
SKU000840,REF0057,Blusa,L,Blanco,55000,25000,SS22,True
SKU000841,REF0057,Blusa,L,Rosa,58000,26000,SS22,False
SKU000842,REF0057,Blusa,L,Verde,53000,24000,SS22,True
SKU000843,REF0057,Blusa,XL,Blanco,51000,23000,SS22,False
SKU000844,REF0057,Blusa,XL,Rosa,53000,24000,SS22,False
SKU000845,REF0057,Blusa,XL,Verde,61000,27000,SS22,False
SKU000846,REF0058,Blusa,XS,Blanco,61000,28000,FW23,False
SKU000847,REF0058,Blusa,XS,Rosa,63000,28000,FW23,True
SKU000848,REF0058,Blusa,XS,Verde,51000,23000,FW23,False
SKU000849,REF0058,Blusa,S,Blanco,62000,28000,FW23,False
SKU000850,REF0058,Blusa,S,Rosa,51000,23000,FW23,True
SKU000851,REF0058,Blusa,S,Verde,62000,28000,FW23,True
SKU000852,REF0058,Blusa,M,Blanco,60000,27000,FW23,False
SKU000853,REF0058,Blusa,M,Rosa,56000,25000,FW23,False
SKU000854,REF0058,Blusa,M,Verde,56000,25000,FW23,True
SKU000855,REF0058,Blusa,L,Blanco,62000,28000,FW23,False
SKU000856,REF0058,Blusa,L,Rosa,62000,28000,FW23,True
SKU000857,REF0058,Blusa,L,Verde,63000,28000,FW23,False
SKU000858,REF0058,Blusa,XL,Blanco,50000,23000,FW23,True
SKU000859,REF0058,Blusa,XL,Rosa,60000,27000,FW23,False
SKU000860,REF0058,Blusa,XL,Verde,61000,27000,FW23,True
SKU000861,REF0059,Blusa,XS,Blanco,50000,22000,FW23,False
SKU000862,REF0059,Blusa,XS,Rosa,55000,25000,FW23,False
SKU000863,REF0059,Blusa,XS,Verde,63000,28000,FW23,False
SKU000864,REF0059,Blusa,S,Blanco,62000,28000,FW23,False
SKU000865,REF0059,Blusa,S,Rosa,54000,24000,FW23,False
SKU000866,REF0059,Blusa,S,Verde,57000,26000,FW23,False
SKU000867,REF0059,Blusa,M,Blanco,50000,23000,FW23,False
SKU000868,REF0059,Blusa,M,Rosa,51000,23000,FW23,False
SKU000869,REF0059,Blusa,M,Verde,62000,28000,FW23,False
SKU000870,REF0059,Blusa,L,Blanco,53000,24000,FW23,False
SKU000871,REF0059,Blusa,L,Rosa,59000,26000,FW23,True
SKU000872,REF0059,Blusa,L,Verde,53000,24000,FW23,True
SKU000873,REF0059,Blusa,XL,Blanco,50000,23000,FW23,False
SKU000874,REF0059,Blusa,XL,Rosa,56000,25000,FW23,False
SKU000875,REF0059,Blusa,XL,Verde,54000,24000,FW23,True
SKU000876,REF0060,Blusa,XS,Blanco,56000,25000,FW23,True
SKU000877,REF0060,Blusa,XS,Rosa,56000,25000,FW23,False
SKU000878,REF0060,Blusa,XS,Verde,57000,25000,FW23,False
SKU000879,REF0060,Blusa,S,Blanco,52000,23000,FW23,True
SKU000880,REF0060,Blusa,S,Rosa,51000,23000,FW23,False
SKU000881,REF0060,Blusa,S,Verde,51000,23000,FW23,False
SKU000882,REF0060,Blusa,M,Blanco,57000,26000,FW23,False
SKU000883,REF0060,Blusa,M,Rosa,52000,23000,FW23,True
SKU000884,REF0060,Blusa,M,Verde,62000,28000,FW23,False
SKU000885,REF0060,Blusa,L,Blanco,56000,25000,FW23,True
SKU000886,REF0060,Blusa,L,Rosa,63000,28000,FW23,False
SKU000887,REF0060,Blusa,L,Verde,54000,24000,FW23,False
SKU000888,REF0060,Blusa,XL,Blanco,53000,24000,FW23,False
SKU000889,REF0060,Blusa,XL,Rosa,58000,26000,FW23,True
SKU000890,REF0060,Blusa,XL,Verde,63000,28000,FW23,False
SKU000891,REF0061,Bermuda,S,Azul,62000,28000,SS24,True
SKU000892,REF0061,Bermuda,S,Kaki,55000,25000,SS24,False
SKU000893,REF0061,Bermuda,S,Negro,65000,29000,SS24,True
SKU000894,REF0061,Bermuda,M,Azul,62000,28000,SS24,False
SKU000895,REF0061,Bermuda,M,Kaki,56000,25000,SS24,False
SKU000896,REF0061,Bermuda,M,Negro,55000,25000,SS24,False
SKU000897,REF0061,Bermuda,L,Azul,61000,28000,SS24,True
SKU000898,REF0061,Bermuda,L,Kaki,59000,27000,SS24,False
SKU000899,REF0061,Bermuda,L,Negro,65000,29000,SS24,False
SKU000900,REF0061,Bermuda,XL,Azul,63000,28000,SS24,True
SKU000901,REF0061,Bermuda,XL,Kaki,56000,25000,SS24,True
SKU000902,REF0061,Bermuda,XL,Negro,63000,28000,SS24,False
SKU000903,REF0062,Bermuda,S,Azul,61000,27000,SS22,True
SKU000904,REF0062,Bermuda,S,Kaki,62000,28000,SS22,False
SKU000905,REF0062,Bermuda,S,Negro,65000,29000,SS22,False
SKU000906,REF0062,Bermuda,M,Azul,58000,26000,SS22,True
SKU000907,REF0062,Bermuda,M,Kaki,67000,30000,SS22,False
SKU000908,REF0062,Bermuda,M,Negro,59000,26000,SS22,False
SKU000909,REF0062,Bermuda,L,Azul,66000,30000,SS22,False
SKU000910,REF0062,Bermuda,L,Kaki,64000,29000,SS22,False
SKU000911,REF0062,Bermuda,L,Negro,62000,28000,SS22,False
SKU000912,REF0062,Bermuda,XL,Azul,67000,30000,SS22,False
SKU000913,REF0062,Bermuda,XL,Kaki,66000,30000,SS22,True
SKU000914,REF0062,Bermuda,XL,Negro,65000,29000,SS22,False
SKU000915,REF0063,Bermuda,S,Azul,64000,29000,SS24,False
SKU000916,REF0063,Bermuda,S,Kaki,67000,30000,SS24,False
SKU000917,REF0063,Bermuda,S,Negro,62000,28000,SS24,True
SKU000918,REF0063,Bermuda,M,Azul,60000,27000,SS24,False
SKU000919,REF0063,Bermuda,M,Kaki,66000,30000,SS24,True
SKU000920,REF0063,Bermuda,M,Negro,56000,25000,SS24,False
SKU000921,REF0063,Bermuda,L,Azul,54000,24000,SS24,True
SKU000922,REF0063,Bermuda,L,Kaki,54000,24000,SS24,True
SKU000923,REF0063,Bermuda,L,Negro,57000,26000,SS24,False
SKU000924,REF0063,Bermuda,XL,Azul,60000,27000,SS24,False
SKU000925,REF0063,Bermuda,XL,Kaki,62000,28000,SS24,False
SKU000926,REF0063,Bermuda,XL,Negro,56000,25000,SS24,True
SKU000927,REF0064,Bermuda,S,Azul,65000,29000,SS24,True
SKU000928,REF0064,Bermuda,S,Kaki,61000,28000,SS24,False
SKU000929,REF0064,Bermuda,S,Negro,63000,28000,SS24,True
SKU000930,REF0064,Bermuda,M,Azul,59000,26000,SS24,False
SKU000931,REF0064,Bermuda,M,Kaki,56000,25000,SS24,False
SKU000932,REF0064,Bermuda,M,Negro,65000,29000,SS24,False
SKU000933,REF0064,Bermuda,L,Azul,57000,26000,SS24,False
SKU000934,REF0064,Bermuda,L,Kaki,62000,28000,SS24,False
SKU000935,REF0064,Bermuda,L,Negro,56000,25000,SS24,False
SKU000936,REF0064,Bermuda,XL,Azul,58000,26000,SS24,False
SKU000937,REF0064,Bermuda,XL,Kaki,55000,25000,SS24,False
SKU000938,REF0064,Bermuda,XL,Negro,65000,29000,SS24,False
SKU000939,REF0065,Bermuda,S,Azul,58000,26000,SS22,True
SKU000940,REF0065,Bermuda,S,Kaki,64000,29000,SS22,False
SKU000941,REF0065,Bermuda,S,Negro,57000,26000,SS22,False
SKU000942,REF0065,Bermuda,M,Azul,69000,31000,SS22,False
SKU000943,REF0065,Bermuda,M,Kaki,65000,29000,SS22,False
SKU000944,REF0065,Bermuda,M,Negro,57000,26000,SS22,False
SKU000945,REF0065,Bermuda,L,Azul,69000,31000,SS22,True
SKU000946,REF0065,Bermuda,L,Kaki,65000,29000,SS22,False
SKU000947,REF0065,Bermuda,L,Negro,63000,28000,SS22,False
SKU000948,REF0065,Bermuda,XL,Azul,68000,31000,SS22,False
SKU000949,REF0065,Bermuda,XL,Kaki,55000,25000,SS22,False
SKU000950,REF0065,Bermuda,XL,Negro,57000,26000,SS22,False
SKU000951,REF0066,Bermuda,S,Azul,61000,27000,SS22,False
SKU000952,REF0066,Bermuda,S,Kaki,61000,27000,SS22,False
SKU000953,REF0066,Bermuda,S,Negro,65000,29000,SS22,False
SKU000954,REF0066,Bermuda,M,Azul,55000,25000,SS22,False
SKU000955,REF0066,Bermuda,M,Kaki,68000,30000,SS22,False
SKU000956,REF0066,Bermuda,M,Negro,54000,24000,SS22,True
SKU000957,REF0066,Bermuda,L,Azul,57000,26000,SS22,True
SKU000958,REF0066,Bermuda,L,Kaki,60000,27000,SS22,False
SKU000959,REF0066,Bermuda,L,Negro,61000,27000,SS22,True
SKU000960,REF0066,Bermuda,XL,Azul,58000,26000,SS22,True
SKU000961,REF0066,Bermuda,XL,Kaki,55000,25000,SS22,True
SKU000962,REF0066,Bermuda,XL,Negro,58000,26000,SS22,False
SKU000963,REF0067,Bermuda,S,Azul,69000,31000,SS22,False
SKU000964,REF0067,Bermuda,S,Kaki,60000,27000,SS22,False
SKU000965,REF0067,Bermuda,S,Negro,58000,26000,SS22,True
SKU000966,REF0067,Bermuda,M,Azul,67000,30000,SS22,True
SKU000967,REF0067,Bermuda,M,Kaki,63000,28000,SS22,False
SKU000968,REF0067,Bermuda,M,Negro,59000,27000,SS22,False
SKU000969,REF0067,Bermuda,L,Azul,66000,30000,SS22,True
SKU000970,REF0067,Bermuda,L,Kaki,58000,26000,SS22,False
SKU000971,REF0067,Bermuda,L,Negro,62000,28000,SS22,True
SKU000972,REF0067,Bermuda,XL,Azul,67000,30000,SS22,False
SKU000973,REF0067,Bermuda,XL,Kaki,66000,30000,SS22,False
SKU000974,REF0067,Bermuda,XL,Negro,63000,29000,SS22,False
SKU000975,REF0068,Bermuda,S,Azul,69000,31000,SS22,True
SKU000976,REF0068,Bermuda,S,Kaki,65000,29000,SS22,True
SKU000977,REF0068,Bermuda,S,Negro,59000,27000,SS22,False
SKU000978,REF0068,Bermuda,M,Azul,68000,31000,SS22,False
SKU000979,REF0068,Bermuda,M,Kaki,57000,26000,SS22,True
SKU000980,REF0068,Bermuda,M,Negro,65000,29000,SS22,False
SKU000981,REF0068,Bermuda,L,Azul,55000,25000,SS22,False
SKU000982,REF0068,Bermuda,L,Kaki,62000,28000,SS22,False
SKU000983,REF0068,Bermuda,L,Negro,57000,26000,SS22,False
SKU000984,REF0068,Bermuda,XL,Azul,62000,28000,SS22,False
SKU000985,REF0068,Bermuda,XL,Kaki,62000,28000,SS22,False
SKU000986,REF0068,Bermuda,XL,Negro,57000,26000,SS22,False
SKU000987,REF0069,Bermuda,S,Azul,60000,27000,FW23,True
SKU000988,REF0069,Bermuda,S,Kaki,64000,29000,FW23,True
SKU000989,REF0069,Bermuda,S,Negro,55000,25000,FW23,False
SKU000990,REF0069,Bermuda,M,Azul,61000,27000,FW23,False
SKU000991,REF0069,Bermuda,M,Kaki,58000,26000,FW23,False
SKU000992,REF0069,Bermuda,M,Negro,56000,25000,FW23,False
SKU000993,REF0069,Bermuda,L,Azul,69000,31000,FW23,False
SKU000994,REF0069,Bermuda,L,Kaki,61000,28000,FW23,False
SKU000995,REF0069,Bermuda,L,Negro,67000,30000,FW23,False
SKU000996,REF0069,Bermuda,XL,Azul,65000,29000,FW23,False
SKU000997,REF0069,Bermuda,XL,Kaki,54000,24000,FW23,True
SKU000998,REF0069,Bermuda,XL,Negro,64000,29000,FW23,True
SKU000999,REF0070,Bermuda,S,Azul,58000,26000,SS23,False
SKU001000,REF0070,Bermuda,S,Kaki,62000,28000,SS23,False
SKU001001,REF0070,Bermuda,S,Negro,62000,28000,SS23,False
SKU001002,REF0070,Bermuda,M,Azul,55000,25000,SS23,False
SKU001003,REF0070,Bermuda,M,Kaki,58000,26000,SS23,False
SKU001004,REF0070,Bermuda,M,Negro,66000,30000,SS23,False
SKU001005,REF0070,Bermuda,L,Azul,61000,27000,SS23,False
SKU001006,REF0070,Bermuda,L,Kaki,55000,25000,SS23,False
SKU001007,REF0070,Bermuda,L,Negro,57000,26000,SS23,True
SKU001008,REF0070,Bermuda,XL,Azul,55000,25000,SS23,False
SKU001009,REF0070,Bermuda,XL,Kaki,65000,29000,SS23,True
SKU001010,REF0070,Bermuda,XL,Negro,59000,26000,SS23,False
SKU001011,REF0071,Abrigo,S,Gris,171000,77000,SS23,False
SKU001012,REF0071,Abrigo,S,Negro,185000,83000,SS23,False
SKU001013,REF0071,Abrigo,S,Camel,187000,84000,SS23,True
SKU001014,REF0071,Abrigo,M,Gris,190000,85000,SS23,False
SKU001015,REF0071,Abrigo,M,Negro,202000,91000,SS23,True
SKU001016,REF0071,Abrigo,M,Camel,185000,83000,SS23,False
SKU001017,REF0071,Abrigo,L,Gris,164000,74000,SS23,False
SKU001018,REF0071,Abrigo,L,Negro,195000,88000,SS23,False
SKU001019,REF0071,Abrigo,L,Camel,176000,79000,SS23,False
SKU001020,REF0071,Abrigo,XL,Gris,206000,92000,SS23,False
SKU001021,REF0071,Abrigo,XL,Negro,167000,75000,SS23,False
SKU001022,REF0071,Abrigo,XL,Camel,176000,79000,SS23,False
SKU001023,REF0072,Abrigo,S,Gris,184000,83000,SS22,True
SKU001024,REF0072,Abrigo,S,Negro,195000,88000,SS22,False
SKU001025,REF0072,Abrigo,S,Camel,207000,93000,SS22,False
SKU001026,REF0072,Abrigo,M,Gris,192000,86000,SS22,True
SKU001027,REF0072,Abrigo,M,Negro,193000,87000,SS22,True
SKU001028,REF0072,Abrigo,M,Camel,163000,73000,SS22,False
SKU001029,REF0072,Abrigo,L,Gris,171000,77000,SS22,False
SKU001030,REF0072,Abrigo,L,Negro,206000,93000,SS22,False
SKU001031,REF0072,Abrigo,L,Camel,175000,79000,SS22,False
SKU001032,REF0072,Abrigo,XL,Gris,167000,75000,SS22,False
SKU001033,REF0072,Abrigo,XL,Negro,206000,93000,SS22,False
SKU001034,REF0072,Abrigo,XL,Camel,191000,86000,SS22,False
SKU001035,REF0073,Abrigo,S,Gris,173000,78000,SS23,False
SKU001036,REF0073,Abrigo,S,Negro,202000,91000,SS23,False
SKU001037,REF0073,Abrigo,S,Camel,173000,78000,SS23,True
SKU001038,REF0073,Abrigo,M,Gris,166000,75000,SS23,False
SKU001039,REF0073,Abrigo,M,Negro,181000,81000,SS23,False
SKU001040,REF0073,Abrigo,M,Camel,195000,88000,SS23,True
SKU001041,REF0073,Abrigo,L,Gris,190000,85000,SS23,False
SKU001042,REF0073,Abrigo,L,Negro,188000,85000,SS23,False
SKU001043,REF0073,Abrigo,L,Camel,198000,89000,SS23,False
SKU001044,REF0073,Abrigo,XL,Gris,173000,78000,SS23,True
SKU001045,REF0073,Abrigo,XL,Negro,195000,88000,SS23,True
SKU001046,REF0073,Abrigo,XL,Camel,176000,79000,SS23,True
SKU001047,REF0074,Abrigo,S,Gris,193000,87000,SS23,True
SKU001048,REF0074,Abrigo,S,Negro,191000,86000,SS23,False
SKU001049,REF0074,Abrigo,S,Camel,165000,74000,SS23,True
SKU001050,REF0074,Abrigo,M,Gris,177000,80000,SS23,False
SKU001051,REF0074,Abrigo,M,Negro,172000,77000,SS23,False
SKU001052,REF0074,Abrigo,M,Camel,165000,74000,SS23,False
SKU001053,REF0074,Abrigo,L,Gris,180000,81000,SS23,False
SKU001054,REF0074,Abrigo,L,Negro,203000,91000,SS23,True
SKU001055,REF0074,Abrigo,L,Camel,198000,89000,SS23,True
SKU001056,REF0074,Abrigo,XL,Gris,202000,91000,SS23,False
SKU001057,REF0074,Abrigo,XL,Negro,201000,91000,SS23,True
SKU001058,REF0074,Abrigo,XL,Camel,170000,76000,SS23,False
SKU001059,REF0075,Abrigo,S,Gris,179000,81000,SS22,True
SKU001060,REF0075,Abrigo,S,Negro,179000,81000,SS22,True
SKU001061,REF0075,Abrigo,S,Camel,181000,81000,SS22,False
SKU001062,REF0075,Abrigo,M,Gris,184000,83000,SS22,True
SKU001063,REF0075,Abrigo,M,Negro,181000,81000,SS22,True
SKU001064,REF0075,Abrigo,M,Camel,205000,92000,SS22,True
SKU001065,REF0075,Abrigo,L,Gris,194000,87000,SS22,False
SKU001066,REF0075,Abrigo,L,Negro,199000,90000,SS22,False
SKU001067,REF0075,Abrigo,L,Camel,200000,90000,SS22,False
SKU001068,REF0075,Abrigo,XL,Gris,190000,85000,SS22,False
SKU001069,REF0075,Abrigo,XL,Negro,190000,86000,SS22,False
SKU001070,REF0075,Abrigo,XL,Camel,191000,86000,SS22,False
SKU001071,REF0076,Abrigo,S,Gris,172000,77000,SS23,True
SKU001072,REF0076,Abrigo,S,Negro,165000,74000,SS23,True
SKU001073,REF0076,Abrigo,S,Camel,164000,74000,SS23,False
SKU001074,REF0076,Abrigo,M,Gris,175000,79000,SS23,False
SKU001075,REF0076,Abrigo,M,Negro,165000,74000,SS23,True
SKU001076,REF0076,Abrigo,M,Camel,195000,88000,SS23,False
SKU001077,REF0076,Abrigo,L,Gris,165000,74000,SS23,False
SKU001078,REF0076,Abrigo,L,Negro,201000,91000,SS23,False
SKU001079,REF0076,Abrigo,L,Camel,177000,80000,SS23,False
SKU001080,REF0076,Abrigo,XL,Gris,190000,86000,SS23,False
SKU001081,REF0076,Abrigo,XL,Negro,200000,90000,SS23,True
SKU001082,REF0076,Abrigo,XL,Camel,181000,82000,SS23,True
SKU001083,REF0077,Abrigo,S,Gris,198000,89000,SS24,False
SKU001084,REF0077,Abrigo,S,Negro,192000,86000,SS24,True
SKU001085,REF0077,Abrigo,S,Camel,172000,77000,SS24,False
SKU001086,REF0077,Abrigo,M,Gris,195000,88000,SS24,False
SKU001087,REF0077,Abrigo,M,Negro,163000,74000,SS24,False
SKU001088,REF0077,Abrigo,M,Camel,165000,74000,SS24,False
SKU001089,REF0077,Abrigo,L,Gris,163000,73000,SS24,False
SKU001090,REF0077,Abrigo,L,Negro,166000,75000,SS24,False
SKU001091,REF0077,Abrigo,L,Camel,183000,82000,SS24,True
SKU001092,REF0077,Abrigo,XL,Gris,177000,80000,SS24,True
SKU001093,REF0077,Abrigo,XL,Negro,170000,76000,SS24,False
SKU001094,REF0077,Abrigo,XL,Camel,182000,82000,SS24,False
SKU001095,REF0078,Abrigo,S,Gris,191000,86000,FW22,False
SKU001096,REF0078,Abrigo,S,Negro,168000,76000,FW22,True
SKU001097,REF0078,Abrigo,S,Camel,197000,89000,FW22,False
SKU001098,REF0078,Abrigo,M,Gris,174000,78000,FW22,True
SKU001099,REF0078,Abrigo,M,Negro,183000,82000,FW22,False
SKU001100,REF0078,Abrigo,M,Camel,174000,78000,FW22,False
SKU001101,REF0078,Abrigo,L,Gris,202000,91000,FW22,True
SKU001102,REF0078,Abrigo,L,Negro,164000,74000,FW22,False
SKU001103,REF0078,Abrigo,L,Camel,203000,91000,FW22,True
SKU001104,REF0078,Abrigo,XL,Gris,183000,82000,FW22,False
SKU001105,REF0078,Abrigo,XL,Negro,183000,82000,FW22,False
SKU001106,REF0078,Abrigo,XL,Camel,183000,82000,FW22,False
SKU001107,REF0079,Abrigo,S,Gris,183000,83000,FW22,False
SKU001108,REF0079,Abrigo,S,Negro,186000,84000,FW22,False
SKU001109,REF0079,Abrigo,S,Camel,164000,74000,FW22,False
SKU001110,REF0079,Abrigo,M,Gris,200000,90000,FW22,True
SKU001111,REF0079,Abrigo,M,Negro,183000,82000,FW22,False
SKU001112,REF0079,Abrigo,M,Camel,172000,77000,FW22,False
SKU001113,REF0079,Abrigo,L,Gris,164000,74000,FW22,True
SKU001114,REF0079,Abrigo,L,Negro,199000,89000,FW22,True
SKU001115,REF0079,Abrigo,L,Camel,199000,89000,FW22,False
SKU001116,REF0079,Abrigo,XL,Gris,202000,91000,FW22,False
SKU001117,REF0079,Abrigo,XL,Negro,163000,74000,FW22,False
SKU001118,REF0079,Abrigo,XL,Camel,164000,74000,FW22,False
SKU001119,REF0080,Abrigo,S,Gris,204000,92000,SS22,True
SKU001120,REF0080,Abrigo,S,Negro,180000,81000,SS22,False
SKU001121,REF0080,Abrigo,S,Camel,202000,91000,SS22,False
SKU001122,REF0080,Abrigo,M,Gris,174000,78000,SS22,False
SKU001123,REF0080,Abrigo,M,Negro,175000,79000,SS22,False
SKU001124,REF0080,Abrigo,M,Camel,205000,92000,SS22,False
SKU001125,REF0080,Abrigo,L,Gris,201000,90000,SS22,True
SKU001126,REF0080,Abrigo,L,Negro,194000,87000,SS22,False
SKU001127,REF0080,Abrigo,L,Camel,164000,74000,SS22,False
SKU001128,REF0080,Abrigo,XL,Gris,174000,78000,SS22,False
SKU001129,REF0080,Abrigo,XL,Negro,198000,89000,SS22,False
SKU001130,REF0080,Abrigo,XL,Camel,166000,75000,SS22,False
